sha256,file
8c3202da9b17ad6020f264203e0d872f8d84ac1dc07f19dede4bffce9efeb1c3,01_sample_size_and_model_selection/solver/mosaic/solve_mosaic_crossview.m
188c3911d703887402530367165ef1b3f1e5660e152032c9d8b2a659d413a952,01_sample_size_and_model_selection/solver/pgl2021/DataGen.m
e8461afbc442b68277726ebaf25d136b0ab91ec4015d09ae2a758efab12966a2,01_sample_size_and_model_selection/solver/pgl2021/KronSum.m
eb8ebdcd18b84754ed3e3b26986ab6ee663e026516e79dc400c4f64eba9fa6f0,01_sample_size_and_model_selection/solver/pgl2021/Learn_PGL.m
4df837a350c18ab06cb0fcc211e1d71f8a91313ccbc899fa3b931de1fdf9c3e9,01_sample_size_and_model_selection/solver/pgl2021/PGL_solver.m
6767ab52fe288478a31102f24afdf8486e9625be76ca00490f73b6aaa866d811,01_sample_size_and_model_selection/solver/pgl2021/duplication_matrix.m
e9f9971985613a173736558eeb7c56ced1e718bb4a7e53bfa122d3010e354d1b,01_sample_size_and_model_selection/solver/pgl2021/itril.m
5b310edb9325bc807a7d0e24b7a62ceba878e07f63a66038b185edf836c66f36,01_sample_size_and_model_selection/solver/pgl2021/vec.m
02b6bd2772c0c17b15aa5c90258b535370056bcf5708dc2cfacd445c1e849cdc,01_sample_size_and_model_selection/solver/zw2024/compute_zhang_wai_2024_distance_matrix.m
12e9d2ffb483f9266740643bd46c062b67f54f75d2161b94332141ed35d80bd6,01_sample_size_and_model_selection/solver/zw2024/solve_zhang_wai_2024_paper.m
8c3202da9b17ad6020f264203e0d872f8d84ac1dc07f19dede4bffce9efeb1c3,02_density_sweep/solver/mosaic/solve_mosaic_crossview.m
188c3911d703887402530367165ef1b3f1e5660e152032c9d8b2a659d413a952,02_density_sweep/solver/pgl2021/DataGen.m
e8461afbc442b68277726ebaf25d136b0ab91ec4015d09ae2a758efab12966a2,02_density_sweep/solver/pgl2021/KronSum.m
eb8ebdcd18b84754ed3e3b26986ab6ee663e026516e79dc400c4f64eba9fa6f0,02_density_sweep/solver/pgl2021/Learn_PGL.m
4df837a350c18ab06cb0fcc211e1d71f8a91313ccbc899fa3b931de1fdf9c3e9,02_density_sweep/solver/pgl2021/PGL_solver.m
6767ab52fe288478a31102f24afdf8486e9625be76ca00490f73b6aaa866d811,02_density_sweep/solver/pgl2021/duplication_matrix.m
e9f9971985613a173736558eeb7c56ced1e718bb4a7e53bfa122d3010e354d1b,02_density_sweep/solver/pgl2021/itril.m
5b310edb9325bc807a7d0e24b7a62ceba878e07f63a66038b185edf836c66f36,02_density_sweep/solver/pgl2021/vec.m
02b6bd2772c0c17b15aa5c90258b535370056bcf5708dc2cfacd445c1e849cdc,02_density_sweep/solver/zw2024/compute_zhang_wai_2024_distance_matrix.m
12e9d2ffb483f9266740643bd46c062b67f54f75d2161b94332141ed35d80bd6,02_density_sweep/solver/zw2024/solve_zhang_wai_2024_paper.m
8c3202da9b17ad6020f264203e0d872f8d84ac1dc07f19dede4bffce9efeb1c3,03_view_profile_rho_sweep/solver/mosaic/solve_mosaic_crossview.m
188c3911d703887402530367165ef1b3f1e5660e152032c9d8b2a659d413a952,03_view_profile_rho_sweep/solver/pgl2021/DataGen.m
e8461afbc442b68277726ebaf25d136b0ab91ec4015d09ae2a758efab12966a2,03_view_profile_rho_sweep/solver/pgl2021/KronSum.m
eb8ebdcd18b84754ed3e3b26986ab6ee663e026516e79dc400c4f64eba9fa6f0,03_view_profile_rho_sweep/solver/pgl2021/Learn_PGL.m
4df837a350c18ab06cb0fcc211e1d71f8a91313ccbc899fa3b931de1fdf9c3e9,03_view_profile_rho_sweep/solver/pgl2021/PGL_solver.m
6767ab52fe288478a31102f24afdf8486e9625be76ca00490f73b6aaa866d811,03_view_profile_rho_sweep/solver/pgl2021/duplication_matrix.m
e9f9971985613a173736558eeb7c56ced1e718bb4a7e53bfa122d3010e354d1b,03_view_profile_rho_sweep/solver/pgl2021/itril.m
5b310edb9325bc807a7d0e24b7a62ceba878e07f63a66038b185edf836c66f36,03_view_profile_rho_sweep/solver/pgl2021/vec.m
02b6bd2772c0c17b15aa5c90258b535370056bcf5708dc2cfacd445c1e849cdc,03_view_profile_rho_sweep/solver/zw2024/compute_zhang_wai_2024_distance_matrix.m
12e9d2ffb483f9266740643bd46c062b67f54f75d2161b94332141ed35d80bd6,03_view_profile_rho_sweep/solver/zw2024/solve_zhang_wai_2024_paper.m
