method,sample_count,candidate_id,selection_rank,selection_criterion,validation_selection_score,tau_supra,tau_within,tau_cross,tau_copy
MOSAIC,5000,407,1,f1_component,0.904761904761905,1.12201845430196e-05,3.16227766016838e-05,0.00354813389233575,0.00446683592150963
MOSAIC,5000,420,2,f1_component,0.904761904761905,4.46683592150963e-05,0.000562341325190349,0.0141253754462276,4.46683592150963e-05
MOSAIC,5000,421,3,f1_component,0.904761904761905,6.30957344480193e-05,0.000199526231496888,0.00794328234724281,0.01
PGL2021,5000,269,1,f1_component,0.384864974088255,0.0794328234724282,0.891250938133746,1,0.0316227766016838
PGL2021,5000,294,2,f1_component,0.384864974088255,0.112201845430196,0.891250938133746,1,0.281838293126445
PGL2021,5000,319,3,f1_component,0.384864974088255,0.141253754462276,0.891250938133746,1,0.501187233627272
ZW2024,5000,593,1,f1_component,0.594197923638734,0.00223872113856834,0.000630957344480193,0.1,0.354813389233575
ZW2024,5000,482,2,f1_component,0.594100468477112,0.000398107170553497,0.00630957344480193,0.0562341325190349,0.141253754462276
ZW2024,5000,592,3,f1_component,0.592847606070188,0.000707945784384138,0.00707945784384138,0.125892541179417,0.398107170553497
